{
    "Bpm": 30.046329498291017,
    "SecondsPerBeat": 1.9969160556793213,
    "OffsetSeconds": 0.8886276483535767,
    "LengthSeconds": 126.53713989257813,
    "BeatTimes": [
        0.8886276483535767,
        2.8855438232421877,
        4.88245964050293,
        6.87937593460083,
        8.87629222869873,
        10.873208045959473,
        12.870123863220215,
        14.867040634155274,
        16.863956451416017,
        18.860872268676759,
        20.8577880859375,
        22.854703903198243,
        24.851621627807618,
        26.84853744506836,
        28.8454532623291,
        30.842369079589845,
        32.83928680419922,
        34.83620071411133,
        36.8331184387207,
        38.83003234863281,
        40.82695007324219,
        42.8238639831543,
        44.82078170776367,
        46.81769943237305,
        48.814613342285159,
        50.81153106689453,
        52.80844497680664,
        54.805362701416019,
        56.802276611328128,
        58.7991943359375,
        60.796112060546878,
        62.793025970458987,
        64.7899398803711,
        66.78685760498047,
        68.78377532958985,
        70.78069305419922,
        72.7776107788086,
        74.77452087402344,
        76.77143859863281,
        78.76835632324219,
        80.76527404785156,
        82.7621841430664,
        84.75910186767578,
        86.75601959228516,
        88.75293731689453,
        90.7498550415039,
        92.74676513671875,
        94.74368286132813,
        96.7406005859375,
        98.73751831054688,
        100.73443603515625,
        102.7313461303711,
        104.72826385498047,
        106.72518157958985,
        108.72209930419922,
        110.71900939941406,
        112.71592712402344,
        114.71284484863281,
        116.70976257324219,
        118.70668029785156,
        120.7035903930664,
        122.70050811767578,
        124.69742584228516
    ],
    "AudioName": "lv2_music",
    "BeatUnits": [
        {
            "BeatId": 4,
            "SceneObjects": [
                "Canvas"
            ],
            "AnimList": [
                "Level2Turn"
            ],
            "IsHit": false
        },
        {
            "BeatId": 5,
            "SceneObjects": [
                "Canvas",
                "Canvas"
            ],
            "AnimList": [
                "Level2Success",
                "Level2Fall"
            ],
            "IsHit": true
        }
    ]
}