{
    "Bpm": 93.96306610107422,
    "SecondsPerBeat": 0.638548731803894,
    "OffsetSeconds": 0.43740588426589968,
    "LengthSeconds": 126.53713989257813,
    "BeatTimes": [
        0.43740588426589968,
        1.0759546756744385,
        1.7145034074783326,
        2.3530521392822267,
        2.99160099029541,
        3.6301496028900148,
        4.268698215484619,
        4.907247066497803,
        5.545795917510986,
        6.18434476852417,
        6.8228936195373539,
        7.461441993713379,
        8.099990844726563,
        8.738539695739746,
        9.37708854675293,
        10.015637397766114,
        10.654186248779297,
        11.29273509979248,
        11.931282997131348,
        12.569831848144532,
        13.208380699157715,
        13.846929550170899,
        14.485478401184082,
        15.124027252197266,
        15.76257610321045,
        16.401124954223634,
        17.0396728515625,
        17.67822265625,
        18.316770553588868,
        18.955320358276368,
        19.593868255615236,
        20.232418060302736,
        20.8709659576416,
        21.50951385498047,
        22.14806365966797,
        22.786611557006837,
        23.425161361694337,
        24.063709259033204,
        24.702259063720704,
        25.34080696105957,
        25.97935676574707,
        26.617904663085939,
        27.256454467773439,
        27.895002365112306,
        28.533550262451173,
        29.172100067138673,
        29.81064796447754,
        30.44919776916504,
        31.087745666503908,
        31.726295471191408,
        32.364845275878909,
        33.00339126586914,
        33.64194107055664,
        34.28049087524414,
        34.919036865234378,
        35.557586669921878,
        36.196136474609378,
        36.834686279296878,
        37.47323226928711,
        38.11178207397461,
        38.75033187866211,
        39.38888168334961,
        40.027427673339847,
        40.665977478027347,
        41.304527282714847,
        41.94307327270508,
        42.58162307739258,
        43.22017288208008,
        43.85872268676758,
        44.49726867675781,
        45.13581848144531,
        45.77436828613281,
        46.41291427612305,
        47.05146408081055,
        47.69001388549805,
        48.32856369018555,
        48.96710968017578,
        49.60565948486328,
        50.24420928955078,
        50.88275909423828,
        51.521305084228519,
        52.159854888916019,
        52.798404693603519,
        53.43695068359375,
        54.07550048828125,
        54.71405029296875,
        55.35260009765625,
        55.991146087646487,
        56.629695892333987,
        57.268245697021487,
        57.906795501708987,
        58.54534149169922,
        59.18389129638672,
        59.82244110107422,
        60.46098709106445,
        61.09953689575195,
        61.73808670043945,
        62.37663650512695,
        63.01518249511719,
        63.65373229980469,
        64.29228210449219,
        64.93083190917969,
        65.56938171386719,
        66.20792388916016,
        66.84647369384766,
        67.48502349853516,
        68.12357330322266,
        68.76212310791016,
        69.40067291259766,
        70.03922271728516,
        70.67777252197266,
        71.31631469726563,
        71.95486450195313,
        72.59341430664063,
        73.23196411132813,
        73.87051391601563,
        74.50906372070313,
        75.14761352539063,
        75.7861557006836,
        76.4247055053711,
        77.0632553100586,
        77.7018051147461,
        78.3403549194336,
        78.9789047241211,
        79.6174545288086,
        80.25599670410156,
        80.89454650878906,
        81.53309631347656,
        82.17164611816406,
        82.81019592285156,
        83.44874572753906,
        84.08729553222656,
        84.72583770751953,
        85.36438751220703,
        86.00293731689453,
        86.64148712158203,
        87.28003692626953,
        87.91858673095703,
        88.55713653564453,
        89.19568634033203,
        89.834228515625,
        90.4727783203125,
        91.111328125,
        91.7498779296875,
        92.388427734375,
        93.0269775390625,
        93.66552734375,
        94.30406951904297,
        94.94261932373047,
        95.58116912841797,
        96.21971893310547,
        96.85826873779297,
        97.49681854248047,
        98.13536834716797,
        98.77391052246094,
        99.41246032714844,
        100.05101013183594,
        100.68955993652344,
        101.32810974121094,
        101.96665954589844,
        102.60520935058594,
        103.2437515258789,
        103.8823013305664,
        104.5208511352539,
        105.1594009399414,
        105.7979507446289,
        106.4365005493164,
        107.0750503540039,
        107.7136001586914,
        108.35214233398438,
        108.99069213867188,
        109.62924194335938,
        110.26779174804688,
        110.90634155273438,
        111.54489135742188,
        112.18344116210938,
        112.82198333740235,
        113.46053314208985,
        114.09908294677735,
        114.73763275146485,
        115.37618255615235,
        116.01473236083985,
        116.65328216552735,
        117.29182434082031,
        117.93037414550781,
        118.56892395019531,
        119.20747375488281,
        119.84602355957031,
        120.48457336425781,
        121.12312316894531,
        121.76166534423828,
        122.40021514892578,
        123.03876495361328,
        123.67731475830078,
        124.31586456298828,
        124.95441436767578,
        125.59296417236328,
        126.23151397705078
    ],
    "AudioName": "lv2_music",
    "BeatUnits": [
        {
            "BeatId": 3,
            "SceneObjects": [
                "Canvas"
            ],
            "AnimList": [],
            "IsHit": true
        },
        {
            "BeatId": 11,
            "SceneObjects": [],
            "AnimList": [],
            "IsHit": false
        },
        {
            "BeatId": 20,
            "SceneObjects": [],
            "AnimList": [],
            "IsHit": false
        },
        {
            "BeatId": 25,
            "SceneObjects": [],
            "AnimList": [],
            "IsHit": false
        },
        {
            "BeatId": 27,
            "SceneObjects": [],
            "AnimList": [],
            "IsHit": false
        },
        {
            "BeatId": 17,
            "SceneObjects": [],
            "AnimList": [],
            "IsHit": false
        },
        {
            "BeatId": 2,
            "SceneObjects": [
                "Canvas"
            ],
            "AnimList": [
                "Level2Turn"
            ],
            "IsHit": false
        },
        {
            "BeatId": 10,
            "SceneObjects": [],
            "AnimList": [],
            "IsHit": false
        },
        {
            "BeatId": 22,
            "SceneObjects": [
                "Canvas",
                "Canvas"
            ],
            "AnimList": [
                "Level2Success",
                "Level2Fall"
            ],
            "IsHit": true
        },
        {
            "BeatId": 21,
            "SceneObjects": [
                "Canvas"
            ],
            "AnimList": [
                "Level2Turn"
            ],
            "IsHit": false
        },
        {
            "BeatId": 42,
            "SceneObjects": [
                "Canvas"
            ],
            "AnimList": [
                "Level2Turn"
            ],
            "IsHit": false
        },
        {
            "BeatId": 44,
            "SceneObjects": [],
            "AnimList": [],
            "IsHit": false
        },
        {
            "BeatId": 50,
            "SceneObjects": [
                "Canvas"
            ],
            "AnimList": [
                "Level2Turn"
            ],
            "IsHit": false
        },
        {
            "BeatId": 71,
            "SceneObjects": [
                "Canvas"
            ],