{
    "Bpm": 99.38401794433594,
    "SecondsPerBeat": 0.6037188172340393,
    "OffsetSeconds": 0.5886258482933044,
    "LengthSeconds": 121.31265258789063,
    "BeatTimes": [
        0.5886258482933044,
        1.1923446655273438,
        1.7960635423660279,
        2.399782419204712,
        3.0035011768341066,
        3.607219934463501,
        4.210938930511475,
        4.814657688140869,
        5.418376445770264,
        6.022095203399658,
        6.625813961029053,
        7.229532718658447,
        7.833251476287842,
        8.436970710754395,
        9.040689468383789,
        9.644408226013184,
        10.248126983642579,
        10.851845741271973,
        11.455564498901368,
        12.059283256530762,
        12.663002014160157,
        13.26672077178955,
        13.870439529418946,
        14.47415828704834,
        15.07787799835205,
        15.681596755981446,
        16.285314559936525,
        16.889034271240236,
        17.492752075195314,
        18.096471786499025,
        18.7001895904541,
        19.303909301757814,
        19.907629013061525,
        20.5113468170166,
        21.115066528320314,
        21.71878433227539,
        22.3225040435791,
        22.92622184753418,
        23.52994155883789,
        24.13365936279297,
        24.73737907409668,
        25.341096878051759,
        25.94481658935547,
        26.548534393310548,
        27.152254104614259,
        27.755971908569337,
        28.359691619873048,
        28.963411331176759,
        29.567129135131837,
        30.170848846435548,
        30.774566650390626,
        31.378286361694337,
        31.982004165649415,
        32.585723876953128,
        33.1894416809082,
        33.79315948486328,
        34.396881103515628,
        35.0005989074707,
        35.60431671142578,
        36.20803451538086,
        36.8117561340332,
        37.41547393798828,
        38.01919174194336,
        38.6229133605957,
        39.22663116455078,
        39.83034896850586,
        40.43406677246094,
        41.03778839111328,
        41.64150619506836,
        42.24522399902344,
        42.848941802978519,
        43.45266342163086,
        44.05638122558594,
        44.660099029541019,
        45.263816833496097,
        45.86753845214844,
        46.471256256103519,
        47.074974060058597,
        47.67869567871094,
        48.282413482666019,
        48.886131286621097,
        49.48984909057617,
        50.093570709228519,
        50.697288513183597,
        51.30100631713867,
        51.90472412109375,
        52.508445739746097,
        53.11216354370117,
        53.71588134765625,
        54.31959915161133,
        54.92332077026367,
        55.52703857421875,
        56.13075637817383,
        56.73447799682617,
        57.33819580078125,
        57.94191360473633,
        58.545631408691409,
        59.14935302734375,
        59.75307083129883,
        60.356788635253909,
        60.960506439208987,
        61.56422805786133,
        62.167945861816409,
        62.771663665771487,
        63.37538146972656,
        63.979103088378909,
        64.58281707763672,
        65.18653869628906,
        65.7902603149414,
        66.39397430419922,
        66.99769592285156,
        67.6014175415039,
        68.20513153076172,
        68.80885314941406,
        69.4125747680664,
        70.01628875732422,
        70.62001037597656,
        71.22372436523438,
        71.82744598388672,
        72.43116760253906,
        73.03488159179688,
        73.63860321044922,
        74.24232482910156,
        74.84603881835938,
        75.44976043701172,
        76.05348205566406,
        76.65719604492188,
        77.26091766357422,
        77.86463165283203,
        78.46835327148438,
        79.07207489013672,
        79.67578887939453,
        80.27951049804688,
        80.88323211669922,
        81.48694610595703,
        82.09066772460938,
        82.69438171386719,
        83.29810333251953,
        83.90182495117188,
        84.50553894042969,
        85.10926055908203,
        85.71298217773438,
        86.31669616699219,
        86.92041778564453,
        87.52413940429688,
        88.12785339355469,
        88.73157501220703,
        89.33528900146485,
        89.93901062011719,
        90.54273223876953,
        91.14644622802735,
        91.75016784667969,
        92.35388946533203,
        92.95760345458985,
        93.56132507324219,
        94.16504669189453,
        94.76876068115235,
        95.37248229980469,
        95.9761962890625,
        96.57991790771485,
        97.18363952636719,
        97.787353515625,
        98.39107513427735,
        98.99479675292969,
        99.5985107421875,
        100.20223236083985,
        100.80594635009766,
        101.40966796875,
        102.01338958740235,
        102.61710357666016,
        103.2208251953125,
        103.82454681396485,
        104.42826080322266,
        105.031982421875,
        105.63570404052735,
        106.23941802978516,
        106.8431396484375,
        107.44685363769531,
        108.05057525634766,
        108.654296875,
        109.25801086425781,
        109.86173248291016,
        110.4654541015625,
        111.06916809082031,
        111.67288970947266,
        112.276611328125,
        112.88032531738281,
        113.48404693603516,
        114.08776092529297,
        114.69148254394531,
        115.29520416259766,
        115.89891815185547,
        116.50263977050781,
        117.10636138916016,
        117.71007537841797,
        118.31379699707031,
        118.91751098632813,
        119.52123260498047,
        120.12495422363281,
        120.72866821289063
    ],
    "AudioName": "lv3_music",
    "BeatUnits": [
        {
            "BeatId": 8,
            "SceneObjects": [
                "Fly"
            ],
            "AnimList": [
                "Level3FlyCome1"
            ],
            "IsHit": false,
            "SoundName": "",
            "IsTutor": false,
            "TutorEndId": 0
        },
        {
            "BeatId": 11,
            "SceneObjects": [
                "Canvas",
                "Canvas"
            ],
            "AnimList": [
                "Level3Success",
                "Level3Fail"
            ],
            "IsHit": true,
            "SoundName": "",
            "IsTutor": false,
            "TutorEndId": 0
        },
        {
            "BeatId": 16,
            "SceneObjects": [
                "Fly"
            ],
            "AnimList": [
                "Level3FlyCome1"
            ],
            "IsHit": false,
            "SoundName": "",
            "IsTutor": false,
            "TutorEndId": 0
        },
        {
            "BeatId": 19,
            "SceneObjects": [
                "Canvas",
                "Canvas"
            ],
            "AnimList": [
                "Level3Success",
                "Level3Fail"
            ],
            "IsHit": true,
            "SoundName": "",
            "IsTutor": false,
            "TutorEndId": 0
        },
        {
            "BeatId": 20,
            "SceneObjects": [
                "Fly"
            ],
            "AnimList": [
                "Level3FlyCome1"
            ],
            "IsHit": false,
            "SoundName": "",
            "IsTutor": false,
            "TutorEndId": 0
        },
        {
            "BeatId": 23,
            "SceneObjects": [
                "Canvas",
                "Canvas"
            ],
            "AnimList": [
                "Level3Success",
                "Level3Fail"
            ],
            "IsHit": true,
            "SoundName": "",
            "IsTutor": false,
            "TutorEndId": 0
        },
        {
            "BeatId": 29,
            "SceneObjects": [
                "Fly"
            ],
            "AnimList": [
                "Level3FlyCome1"
            ],
            "IsHit": false,
            "SoundName": "",
            "IsTutor": false,