{
    "Bpm": 59.401939392089847,
    "SecondsPerBeat": 1.0100680589675904,
    "OffsetSeconds": 0.30807074904441836,
    "LengthSeconds": 121.31265258789063,
    "BeatTimes": [
        0.30807074904441836,
        1.3181387186050416,
        2.328206777572632,
        3.3382747173309328,
        4.3483428955078129,
        5.358410835266113,
        6.368478775024414,
        7.378546714782715,
        8.388614654541016,
        9.398682594299317,
        10.408751487731934,
        11.418819427490235,
        12.428887367248536,
        13.438955307006836,
        14.449023246765137,
        15.459091186523438,
        16.469160079956056,
        17.47922706604004,
        18.489295959472658,
        19.49936294555664,
        20.509431838989259,
        21.519498825073243,
        22.52956771850586,
        23.539634704589845,
        24.54970359802246,
        25.559770584106447,
        26.569839477539064,
        27.57990837097168,
        28.589975357055665,
        29.60004425048828,
        30.610111236572267,
        31.620180130004884,
        32.6302490234375,
        33.640316009521487,
        34.65038299560547,
        35.66044998168945,
        36.6705207824707,
        37.68058776855469,
        38.69065475463867,
        39.70072555541992,
        40.710792541503909,
        41.72085952758789,
        42.730926513671878,
        43.740997314453128,
        44.75106430053711,
        45.761131286621097,
        46.77119827270508,
        47.78126907348633,
        48.79133605957031,
        49.8014030456543,
        50.81147384643555,
        51.82154083251953,
        52.831607818603519,
        53.8416748046875,
        54.85174560546875,
        55.861812591552737,
        56.87187957763672,
        57.8819465637207,
        58.89201736450195,
        59.90208435058594,
        60.91215133666992,
        61.92222213745117,
        62.932289123535159,
        63.94235610961914,
        64.95242309570313,
        65.96249389648438,
        66.9725570678711,
        67.98262786865235,
        68.9926986694336,
        70.00276184082031,
        71.01283264160156,
        72.02290344238281,
        73.03296661376953,
        74.04303741455078,
        75.05310821533203,
        76.06317138671875,
        77.0732421875,
        78.08330535888672,
        79.09337615966797,
        80.10344696044922,
        81.11351013183594,
        82.12358093261719,
        83.13365173339844,
        84.14371490478516,
        85.1537857055664,
        86.16385650634766,
        87.17391967773438,
        88.18399047851563,
        89.19405364990235,
        90.2041244506836,
        91.21419525146485,
        92.22425842285156,
        93.23432922363281,
        94.24440002441406,
        95.25446319580078,
        96.26453399658203,
        97.27460479736328,
        98.28466796875,
        99.29473876953125,
        100.30480194091797,
        101.31487274169922,
        102.32494354248047,
        103.33500671386719,
        104.34507751464844,
        105.35514831542969,
        106.3652114868164,
        107.37528228759766,
        108.3853530883789,
        109.39541625976563,
        110.40548706054688,
        111.4155502319336,
        112.42562103271485,
        113.4356918334961,
        114.44575500488281,
        115.45582580566406,
        116.46589660644531,
        117.47595977783203,
        118.48603057861328,
        119.49610137939453,
        120.50616455078125
    ],
    "AudioName": "lv3_music",
    "BeatUnits": [
        {
            "BeatId": 3,
            "SceneObjects": [
                "Fly"
            ],
            "AnimList": [
                "Level3FlyCome"
            ],
            "IsHit": false
        },
        {
            "BeatId": 8,
            "SceneObjects": [
                "Fly"
            ],
            "AnimList": [
                "Level3FlyCome"
            ],
            "IsHit": false
        },
        {
            "BeatId": 4,
            "SceneObjects": [
                "Canvas",
                "Canvas",
                "Fly",
                "Fly"
            ],
            "AnimList": [
                "Level3Success",
                "Level3Fail",
                "Level3FlySuccess",
                "Level3FlyFail"
            ],
            "IsHit": true
        },
        {
            "BeatId": 9,
            "SceneObjects": [
                "Fly",
                "Fly",
                "Canvas",
                "Canvas"
            ],
            "AnimList": [
                "Level3FlySuccess",
                "Level3FlyFail",
                "Level3Success",
                "Level3Fail"
            ],
            "IsHit": true
        },
        {
            "BeatId": 13,
            "SceneObjects": [
                "Fly"
            ],
            "AnimList": [
                "Level3FlyCome"
            ],
            "IsHit": false
        },
        {
            "BeatId": 14,
            "SceneObjects": [
                "Canvas",
                "Canvas",
                "Fly",
                "Fly"
            ],
            "AnimList": [
                "Level3Success",
                "Level3Fail",
                "Level3FlySuccess",
                "Level3FlyFail"
            ],
            "IsHit": true
        }
    ]
}