{
    "Bpm": 62.26468276977539,
    "SecondsPerBeat": 0.9636281132698059,
    "OffsetSeconds": 0.3565424084663391,
    "LengthSeconds": 150.96163940429688,
    "BeatTimes": [
        0.3565424084663391,
        1.320170521736145,
        2.2837986946105959,
        3.247426748275757,
        4.211054801940918,
        5.174683094024658,
        6.13831090927124,
        7.1019392013549809,
        8.065567016601563,
        9.029195785522461,
        9.992823600769043,
        10.956451416015625,
        11.920080184936524,
        12.883708000183106,
        13.847335815429688,
        14.810964584350586,
        15.774592399597168,
        16.73822021484375,
        17.70184898376465,
        18.665475845336915,
        19.629104614257814,
        20.59273338317871,
        21.556360244750978,
        22.519989013671876,
        23.483617782592775,
        24.44724464416504,
        25.410873413085939,
        26.374502182006837,
        27.3381290435791,
        28.3017578125,
        29.2653865814209,
        30.229013442993165,
        31.192642211914064,
        32.15626907348633,
        33.11989974975586,
        34.083526611328128,
        35.04715347290039,
        36.01078414916992,
        36.97441101074219,
        37.93803787231445,
        38.901668548583987,
        39.86529541015625,
        40.828922271728519,
        41.79255294799805,
        42.75617980957031,
        43.71980667114258,
        44.68343734741211,
        45.647064208984378,
        46.61069107055664,
        47.57432174682617,
        48.53794860839844,
        49.5015754699707,
        50.465206146240237,
        51.4288330078125,
        52.392459869384769,
        53.3560905456543,
        54.31971740722656,
        55.28334426879883,
        56.24697494506836,
        57.210601806640628,
        58.17422866821289,
        59.13785934448242,
        60.10148620605469,
        61.06511306762695,
        62.028743743896487,
        62.99237060546875,
        63.955997467041019,
        64.91962432861328,
        65.88325500488281,
        66.84688568115235,
        67.81050872802735,
        68.77413940429688,
        69.7377700805664,
        70.7013931274414,
        71.66502380371094,
        72.62865447998047,
        73.59227752685547,
        74.555908203125,
        75.51953887939453,
        76.48316192626953,
        77.44679260253906,
        78.4104232788086,
        79.3740463256836,
        80.33767700195313,
        81.30130767822266,
        82.26493072509766,
        83.22856140136719,
        84.19219207763672,
        85.15581512451172,
        86.11944580078125,
        87.08307647705078,
        88.04669952392578,
        89.01033020019531,
        89.97396087646485,
        90.93758392333985,
        91.90121459960938,
        92.8648452758789,
        93.8284683227539,
        94.79209899902344,
        95.75572967529297,
        96.71935272216797,
        97.6829833984375,
        98.64661407470703,
        99.61023712158203,
        100.57386779785156,
        101.5374984741211,
        102.5011215209961,
        103.46475219726563,
        104.42838287353516,
        105.39200592041016,
        106.35563659667969,
        107.31926727294922,
        108.28289031982422,
        109.24652099609375,
        110.21014404296875,
        111.17377471923828,
        112.13740539550781,
        113.10102844238281,
        114.06465911865235,
        115.02828979492188,
        115.99191284179688,
        116.9555435180664,
        117.91917419433594,
        118.88279724121094,
        119.84642791748047,
        120.81005859375,
        121.773681640625,
        122.73731231689453,
        123.70094299316406,
        124.66456604003906,
        125.6281967163086,
        126.59182739257813,
        127.55545043945313,
        128.5190887451172,
        129.4827117919922,
        130.4463348388672,
        131.40997314453126,
        132.37359619140626,
        133.33721923828126,
        134.3008575439453,
        135.2644805908203,
        136.2281036376953,
        137.19174194335938,
        138.15536499023438,
        139.11898803710938,
        140.08262634277345,
        141.04624938964845,
        142.00987243652345,
        142.9735107421875,
        143.9371337890625,
        144.9007568359375,
        145.86439514160157,
        146.82801818847657,
        147.79164123535157,
        148.75527954101563,
        149.71890258789063,
        150.68252563476563
    ],
    "AudioName": "lv3_music",
    "BeatUnits": [
        {
            "BeatId": 9,
            "SceneObjects": [
                "Canvas",
                "Canvas",
                "Fly",
                "Fly"
            ],
            "AnimList": [
                "Level3Success",
                "Level3FlyMiss",
                "Level3FlySuccess2",
                "Level3FlyFail2"
            ],
            "IsHit": true,
            "SoundName": "",
            "IsTutor": false,
            "TutorEndId": 0
        },
        {
            "BeatId": 0,
            "SceneObjects": [],
            "AnimList": [],
            "IsHit": false,
            "SoundName": "",
            "IsTutor": true,
            "TutorEndId": 8
        },
        {
            "BeatId": 8,
            "SceneObjects": [
                "Fly"
            ],
            "AnimList": [
                "Level3FlyCome2"
            ],
            "IsHit": false,
            "SoundName": "",
            "IsTutor": true,
            "TutorEndId": 13
        },
        {
            "BeatId": 12,
            "SceneObjects": [],
            "AnimList": [],
            "IsHit": false,
            "SoundName": "",
            "IsTutor": false,
            "TutorEndId": 0
        },
        {
            "BeatId": 21,
            "SceneObjects": [
                "Canvas",
                "Canvas",
                "Fly",
                "Fly"
            ],
            "AnimList": [
                "Level3Success",
                "Level3FlyMiss",
                "Level3FlySuccess2",
                "Level3FlyFail2"
            ],
            "IsHit": true,
            "SoundName": "",
            "IsTutor": false,
            "TutorEndId": 0
        },
        {
            "BeatId": 20,
            "SceneObjects": [
                "Fly"
            ],
            "AnimList": [
                "Level3FlyCome2"
            ],
            "IsHit": false,
            "SoundName": "",
            "IsTutor": true,
            "TutorEndId": 30
        },
        {
            "BeatId": 5,
            "SceneObjects": [
                "Fly"
            ],
            "AnimList": [
                "Level3FlyCome2"
            ],
            "IsHit": false,
            "SoundName": "",
            "IsTutor": true,
            "TutorEndId": 8
        },
        {
            "BeatId": 6,
            "SceneObjects": [
                "Canvas",
                "Canvas",
                "Fly",
                "Fly"
            ],
            "AnimList": [
                "Level3Success",
                "Level3FlyMiss",
                "Level3FlySuccess2",
                "Level3FlyFail2"
            ],
            "IsHit": true,
            "SoundName": "",
            "IsTutor": false,
            "TutorEndId": 0
        },
        {
            "BeatId": 13,
            "SceneObjects": [
                "Fly"
            ],
            "AnimList": [
                "Level3FlyCome2"
            ],
            "IsHit": false,
            "SoundName": "",
            "IsTutor": true,
            "TutorEndId": 17
        },
        {
            "BeatId": 14,
            "SceneObjects": [
                "Canvas",
                "Canvas",
                "Fly",
                "Fly"
            ],
            "AnimList": [
                "Level3Success",
                "Level3FlyMiss",
                "Level3FlySuccess2",
                "Level3FlyFail2"
            ],
            "IsHit": true,