{
    "Bpm": 60.09265899658203,
    "SecondsPerBeat": 0.9984580278396606,
    "OffsetSeconds": 0.5191981792449951,
    "LengthSeconds": 84.2710189819336,
    "BeatTimes": [
        0.5191981792449951,
        1.5176562070846558,
        2.5161142349243166,
        3.5145723819732668,
        4.513030529022217,
        5.511488437652588,
        6.509946346282959,
        7.508404731750488,
        8.50686264038086,
        9.50532054901123,
        10.503778457641602,
        11.502236366271973,
        12.50069522857666,
        13.499153137207032,
        14.497611045837403,
        15.496068954467774,
        16.49452781677246,
        17.492984771728517,
        18.491443634033204,
        19.489900588989259,
        20.488359451293947,
        21.48681640625,
        22.485275268554689,
        23.483734130859376,
        24.48219108581543,
        25.480649948120118,
        26.479106903076173,
        27.47756576538086,
        28.476022720336915,
        29.4744815826416,
        30.47294044494629,
        31.471397399902345,
        32.46985626220703,
        33.46831512451172,
        34.46677017211914,
        35.46522903442383,
        36.463687896728519,
        37.4621467590332,
        38.46060562133789,
        39.45906066894531,
        40.45751953125,
        41.45597839355469,
        42.454437255859378,
        43.45289611816406,
        44.451351165771487,
        45.44981002807617,
        46.44826889038086,
        47.44672775268555,
        48.44518280029297,
        49.443641662597659,
        50.442100524902347,
        51.44055938720703,
        52.43901824951172,
        53.43747329711914,
        54.43593215942383,
        55.434391021728519,
        56.4328498840332,
        57.43130874633789,
        58.42976379394531,
        59.42822265625,
        60.42668151855469,
        61.425140380859378,
        62.4235954284668,
        63.422054290771487,
        64.42051696777344,
        65.4189682006836,
        66.41742706298828,
        67.41588592529297,
        68.41434478759766,
        69.41280364990235,
        70.41126251220703,
        71.40972137451172,
        72.4081802368164,
        73.4066390991211,
        74.40509033203125,
        75.40354919433594,
        76.40200805664063,
        77.40046691894531,
        78.39892578125,
        79.39738464355469,
        80.39584350585938,
        81.39430236816406,
        82.39276123046875,
        83.39122009277344
    ],
    "AudioName": "lv4_music",
    "BeatUnits": [
        {
            "BeatId": 4,
            "SceneObjects": [
                "Bird1"
            ],
            "AnimList": [
                "Level4BirdSing"
            ],
            "IsHit": false
        },
        {
            "BeatId": 5,
            "SceneObjects": [
                "Bird2"
            ],
            "AnimList": [
                "Level4BirdSing"
            ],
            "IsHit": false
        },
        {
            "BeatId": 7,
            "SceneObjects": [
                "Bird4"
            ],
            "AnimList": [
                "Level4BirdSing"
            ],
            "IsHit": false
        },
        {
            "BeatId": 6,
            "SceneObjects": [
                "Bird3"
            ],
            "AnimList": [
                "Level4BirdSing"
            ],
            "IsHit": false
        },
        {
            "BeatId": 8,
            "SceneObjects": [
                "BirdU"
            ],
            "AnimList": [
                "Level4BirdSing"
            ],
            "IsHit": true
        },
        {
            "BeatId": 3,
            "SceneObjects": [],
            "AnimList": [],
            "IsHit": false
        }
    ]
}