{
    "Bpm": 49.21875,
    "SecondsPerBeat": 1.2190476655960084,
    "OffsetSeconds": 0.7862856984138489,
    "LengthSeconds": 55.17061233520508,
    "BeatTimes": [
        0.7862856984138489,
        2.005333423614502,
        3.2243809700012209,
        4.4434285163879398,
        5.662476062774658,
        6.881523609161377,
        8.100571632385254,
        9.319619178771973,
        10.538666725158692,
        11.75771427154541,
        12.976761817932129,
        14.195809364318848,
        15.414856910705567,
        16.6339054107666,
        17.85295295715332,
        19.07200050354004,
        20.291048049926759,
        21.510095596313478,
        22.729143142700197,
        23.948190689086915,
        25.167238235473634,
        26.38628578186035,
        27.60533332824707,
        28.82438087463379,
        30.043428421020509,
        31.262475967407228,
        32.48152542114258,
        33.7005729675293,
        34.919620513916019,
        36.138668060302737,
        37.35771560668945,
        38.57676315307617,
        39.79581069946289,
        41.01485824584961,
        42.23390579223633,
        43.45295333862305,
        44.672000885009769,
        45.891048431396487,
        47.1100959777832,
        48.32914352416992,
        49.54819107055664,
        50.76723861694336,
        51.98628616333008,
        53.2053337097168,
        54.424381256103519
    ],
    "AudioName": "lv1_music",
    "BeatUnits": [
        {
            "BeatId": 0,
            "SceneObjects": [],
            "AnimList": [],
            "IsHit": false,
            "SoundName": "",
            "IsTutor": true,
            "TutorEndId": 1
        },
        {
            "BeatId": 1,
            "SceneObjects": [
                "Canvas",
                "SeaGull"
            ],
            "AnimList": [
                "Level1Turn",
                "Level1SeaGullTurn"
            ],
            "IsHit": false,
            "SoundName": "",
            "IsTutor": true,
            "TutorEndId": 0
        },
        {
            "BeatId": 2,
            "SceneObjects": [
                "Canvas",
                "Canvas",
                "SeaGull",
                "SeaGull"
            ],
            "AnimList": [
                "Level1Success",
                "Level1Fail",
                "Level1SeaGullSuccess",
                "Level1SeaGullFail"
            ],
            "IsHit": true,
            "SoundName": "StartMetronome",
            "IsTutor": false,
            "TutorEndId": 0
        },
        {
            "BeatId": 5,
            "SceneObjects": [
                "Canvas",
                "SeaGull"
            ],
            "AnimList": [
                "Level1Turn",
                "Level1SeaGullTurn"
            ],
            "IsHit": false,
            "SoundName": "",
            "IsTutor": true,
            "TutorEndId": 0
        },
        {
            "BeatId": 6,
            "SceneObjects": [
                "Canvas",
                "Canvas",
                "SeaGull",
                "SeaGull"
            ],
            "AnimList": [
                "Level1Success",
                "Level1Fail",
                "Level1SeaGullSuccess",
                "Level1SeaGullFail"
            ],
            "IsHit": true,
            "SoundName": "StartMetronome",
            "IsTutor": false,
            "TutorEndId": 0
        },
        {
            "BeatId": 7,
            "SceneObjects": [
                "Canvas",
                "SeaGull"
            ],
            "AnimList": [
                "Level1Turn",
                "Level1SeaGullTurn"
            ],
            "IsHit": false,
            "SoundName": "",
            "IsTutor": true,
            "TutorEndId": 0
        },
        {
            "BeatId": 9,
            "SceneObjects": [
                "Canvas",
                "SeaGull"
            ],
            "AnimList": [
                "Level1Turn",
                "Level1SeaGullTurn"
            ],
            "IsHit": false,
            "SoundName": "",
            "IsTutor": true,
            "TutorEndId": 0
        },
        {
            "BeatId": 11,
            "SceneObjects": [
                "Canvas",
                "SeaGull"
            ],
            "AnimList": [
                "Level1Turn",
                "Level1SeaGullTurn"
            ],
            "IsHit": false,
            "SoundName": "",
            "IsTutor": true,
            "TutorEndId": 0
        },
        {
            "BeatId": 13,
            "SceneObjects": [
                "Canvas",
                "SeaGull"
            ],
            "AnimList": [
                "Level1Turn",
                "Level1SeaGullTurn"
            ],
            "IsHit": false,
            "SoundName": "",
            "IsTutor": true,
            "TutorEndId": 0
        },
        {
            "BeatId": 8,
            "SceneObjects": [
                "Canvas",
                "Canvas",
                "SeaGull",
                "SeaGull"
            ],
            "AnimList": [
                "Level1Success",
                "Level1Fail",
                "Level1SeaGullSuccess",
                "Level1SeaGullFail"
            ],
            "IsHit": true,
            "SoundName": "StartMetronome",
            "IsTutor": false,
            "TutorEndId": 0
        },
        {
            "BeatId": 10,
            "SceneObjects": [
                "Canvas",
                "Canvas",
                "SeaGull",
                "SeaGull"
            ],
            "AnimList": [
                "Level1Success",
                "Level1Fail",
                "Level1SeaGullSuccess",
                "Level1SeaGullFail"
            ],
            "IsHit": true,
            "SoundName": "StartMetronome",
            "IsTutor": false,
            "TutorEndId": 0
        },
        {
            "BeatId": 12,
            "SceneObjects": [
                "Canvas",
                "Canvas",
                "SeaGull"
            ],
            "AnimList": [
                "Level1Success",
                "Level1Fail",
                "Level1SeaGullFail"
            ],
            "IsHit": true,
            "SoundName": "StartMetronome",
            "IsTutor": false,
            "TutorEndId": 0
        },
        {
            "BeatId": 14,
            "SceneObjects": [
                "Canvas",
                "Canvas",
                "SeaGull",
                "SeaGull"
            ],
            "AnimList": [
                "Level1Success",
                "Level1Fail",
                "Level1SeaGullSuccess",
                "Level1SeaGullFail"
            ],
            "IsHit": true,
            "SoundName": "StartMetronome",
            "IsTutor": false,
            "TutorEndId": 0
        },
        {
            "BeatId": 17,
            "SceneObjects": [
                "Canvas",
                "Canvas",
                "SeaGull",
                "SeaGull"
            ],
            "AnimList": [
                "Level1Success",
                "Level1Fail",
                "Level1SeaGullSuccess",
                "Level1SeaGullFail"
            ],
            "IsHit": true,
            "SoundName": "StartMetronome",
            "IsTutor": false,
            "TutorEndId": 0
        },
        {
            "BeatId": 16,
            "SceneObjects": [
                "Canvas",
                "SeaGull"
            ],
            "AnimList": [
                "Level1Turn",
                "Level1SeaGullTurn"
            ],
            "IsHit": false,
            "SoundName": "",
            "IsTutor": true,
            "TutorEndId": 0
        },
        {
            "BeatId": 20,
            "SceneObjects": [
                "Canvas",
                "SeaGull"
            ],
            "AnimList": [
                "Level1Turn",
                "Level1SeaGullTurn"
            ],
            "IsHit": false,
            "SoundName": "",