{
    "Bpm": 93.96306610107422,
    "SecondsPerBeat": 0.638548731803894,
    "OffsetSeconds": 0.26180499792099,
    "LengthSeconds": 61.25714111328125,
    "BeatTimes": [
        0.26180499792099,
        0.900353729724884,
        1.5389025211334229,
        2.1774511337280275,
        2.815999984741211,
        3.4545488357543947,
        4.093097686767578,
        4.7316460609436039,
        5.370194911956787,
        6.008743762969971,
        6.647292613983154,
        7.285841464996338,
        7.924389839172363,
        8.562938690185547,
        9.20148754119873,
        9.840036392211914,
        10.478585243225098,
        11.117134094238282,
        11.755682945251465,
        12.394230842590332,
        13.032779693603516,
        13.6713285446167,
        14.309877395629883,
        14.948426246643067,
        15.58697509765625,
        16.225522994995118,
        16.864072799682618,
        17.502620697021486,
        18.141170501708986,
        18.77971839904785,
        19.41826820373535,
        20.05681610107422,
        20.69536590576172,
        21.333913803100587,
        21.972461700439454,
        22.611011505126954,
        23.24955940246582,
        23.88810920715332,
        24.526657104492189,
        25.165206909179689,
        25.803754806518556,
        26.442304611206056,
        27.080852508544923,
        27.719402313232423,
        28.35795021057129,
        28.996498107910158,
        29.635047912597658,
        30.273595809936525,
        30.912145614624025,
        31.55069351196289,
        32.18924331665039,
        32.82779312133789,
        33.466339111328128,
        34.104888916015628,
        34.743438720703128,
        35.38198471069336,
        36.02053451538086,
        36.65908432006836,
        37.29763412475586,
        37.936180114746097,
        38.574729919433597,
        39.213279724121097,
        39.851829528808597,
        40.49037551879883,
        41.12892532348633,
        41.76747512817383,
        42.40602111816406,
        43.04457092285156,
        43.68312072753906,
        44.32167053222656,
        44.9602165222168,
        45.5987663269043,
        46.2373161315918,
        46.87586212158203,
        47.51441192626953,
        48.15296173095703,
        48.79151153564453,
        49.430057525634769,
        50.068607330322269,
        50.707157135009769,
        51.345706939697269,
        51.9842529296875,
        52.622802734375,
        53.2613525390625,
        53.899898529052737,
        54.538448333740237,
        55.176998138427737,
        55.815547943115237,
        56.45409393310547,
        57.09264373779297,
        57.73119354248047,
        58.36974334716797,
        59.0082893371582,
        59.6468391418457,
        60.2853889465332,
        60.92393493652344
    ],
    "AudioName": "lv2_music",
    "BeatUnits": [
        {
            "BeatId": 3,
            "SceneObjects": [
                "Canvas"
            ],
            "AnimList": [
                "Level2Turn"
            ],
            "IsHit": false,
            "SoundName": "",
            "IsTutor": true,
            "TutorEndId": 45
        },
        {
            "BeatId": 10,
            "SceneObjects": [
                "Canvas"
            ],
            "AnimList": [
                "Level2Turn"
            ],
            "IsHit": false,
            "SoundName": "",
            "IsTutor": true,
            "TutorEndId": 45
        },
        {
            "BeatId": 13,
            "SceneObjects": [
                "Canvas"
            ],
            "AnimList": [
                "Level2Turn"
            ],
            "IsHit": false,
            "SoundName": "",
            "IsTutor": true,
            "TutorEndId": 45
        },
        {
            "BeatId": 17,
            "SceneObjects": [
                "Canvas"
            ],
            "AnimList": [
                "Level2Turn"
            ],
            "IsHit": false,
            "SoundName": "",
            "IsTutor": true,
            "TutorEndId": 45
        },
        {
            "BeatId": 20,
            "SceneObjects": [
                "Canvas"
            ],
            "AnimList": [
                "Level2Turn"
            ],
            "IsHit": false,
            "SoundName": "",
            "IsTutor": true,
            "TutorEndId": 45
        },
        {
            "BeatId": 24,
            "SceneObjects": [
                "Canvas"
            ],
            "AnimList": [
                "Level2Turn"
            ],
            "IsHit": false,
            "SoundName": "",
            "IsTutor": true,
            "TutorEndId": 45
        },
        {
            "BeatId": 4,
            "SceneObjects": [
                "Canvas",
                "Canvas",
                "Canvas",
                "Photo1",
                "Photo1"
            ],
            "AnimList": [
                "Level2Success",
                "Level2Fall",
                "Level2Turn",
                "Level2PhotoSuccess",
                "Level2PhotoFail"
            ],
            "IsHit": true,
            "SoundName": "",
            "IsTutor": false,
            "TutorEndId": 0
        },
        {
            "BeatId": 11,
            "SceneObjects": [
                "Canvas",
                "Canvas",
                "Canvas",
                "Photo1",
                "Photo1"
            ],
            "AnimList": [
                "Level2Success",
                "Level2Fall",
                "Level2Turn",
                "Level2PhotoSuccess",
                "Level2PhotoFail"
            ],
            "IsHit": true,
            "SoundName": "",
            "IsTutor": false,
            "TutorEndId": 0
        },
        {
            "BeatId": 14,
            "SceneObjects": [
                "Canvas",
                "Canvas",
                "Canvas",
                "Photo1",
                "Photo1"
            ],
            "AnimList": [
                "Level2Success",
                "Level2Fall",
                "Level2Turn",
                "Level2PhotoSuccess",
                "Level2PhotoFail"
            ],
            "IsHit": true,
            "SoundName": "",
            "IsTutor": false,
            "TutorEndId": 0
        },
        {
            "BeatId": 18,
            "SceneObjects": [
                "Canvas",
                "Canvas",
                "Canvas",
                "Photo1",
                "Photo1"
            ],
            "AnimList": [
                "Level2Success",
                "Level2Fall",
                "Level2Turn",
                "Level2PhotoSuccess",
                "Level2PhotoFail"
            ],
            "IsHit": true,
            "SoundName": "",
            "IsTutor": false,
            "TutorEndId": 0
        },
        {
            "BeatId": 21,
            "SceneObjects": [
                "Canvas",
                "Canvas",
                "Canvas",
                "Photo1",
                "Photo1"
            ],
            "AnimList": [
                "Level2Success",
                "Level2Fall",
                "Level2Turn",
                "Level2PhotoSuccess",
                "Level2PhotoFail"
            ],
            "IsHit": true,
            "SoundName": "",
            "IsTutor": false,
            "TutorEndId": 0
        },
        {
            "BeatId": 25,
            "SceneObjects": [
                "Canvas",
                "Canvas",
                "Canvas",
                "Photo1",
                "Photo1"
            ],
            "AnimList": [
                "Level2Success",
                "Level2Fall",
                "Level2Turn",
                "Level2PhotoSuccess",
                "Level2PhotoFail"
            ],
            "IsHit": true,
            "SoundName": "",
            "IsTutor": false,
            "TutorEndId": 0
        },
        {
            "BeatId": 30,