{
    "Bpm": 60.09265899658203,
    "SecondsPerBeat": 0.9984580278396606,
    "OffsetSeconds": 0.9036045074462891,
    "LengthSeconds": 126.53713989257813,
    "BeatTimes": [
        0.9036045074462891,
        1.9020625352859498,
        2.9005205631256105,
        3.8989787101745607,
        4.897436618804932,
        5.895895004272461,
        6.894352912902832,
        7.892810821533203,
        8.891268730163575,
        9.889726638793946,
        10.888185501098633,
        11.886643409729004,
        12.885101318359375,
        13.883559226989746,
        14.882017135620118,
        15.880475044250489,
        16.87893295288086,
        17.877391815185548,
        18.8758487701416,
        19.87430763244629,
        20.872764587402345,
        21.87122344970703,
        22.86968231201172,
        23.868139266967775,
        24.86659812927246,
        25.865055084228517,
        26.863513946533204,
        27.86197280883789,
        28.860429763793947,
        29.858888626098634,
        30.857345581054689,
        31.855804443359376,
        32.85426330566406,
        33.852718353271487,
        34.85117721557617,
        35.84963607788086,
        36.84809494018555,
        37.846553802490237,
        38.845008850097659,
        39.843467712402347,
        40.84192657470703,
        41.84038543701172,
        42.838844299316409,
        43.83729934692383,
        44.835758209228519,
        45.8342170715332,
        46.83267593383789,
        47.83113098144531,
        48.82958984375,
        49.82804870605469,
        50.826507568359378,
        51.82496643066406,
        52.823421478271487,
        53.82188034057617,
        54.82033920288086,
        55.81879806518555,
        56.817256927490237,
        57.815711975097659,
        58.814170837402347,
        59.81262969970703,
        60.81108856201172,
        61.809547424316409,
        62.80800247192383,
        63.806461334228519,
        64.80491638183594,
        65.80337524414063,
        66.80183410644531,
        67.80029296875,
        68.79875183105469,
        69.79721069335938,
        70.79566955566406,
        71.79412841796875,
        72.79258728027344,
        73.7910385131836,
        74.78949737548828,
        75.78795623779297,
        76.78641510009766,
        77.78487396240235,
        78.78333282470703,
        79.78179168701172,
        80.7802505493164,
        81.7787094116211,
        82.77716827392578,
        83.77561950683594,
        84.77407836914063,
        85.77253723144531,
        86.77099609375,
        87.76945495605469,
        88.76791381835938,
        89.76637268066406,
        90.76483154296875,
        91.76329040527344,
        92.7617416381836,
        93.76020050048828,
        94.75865936279297,
        95.75711822509766,
        96.75557708740235,
        97.75403594970703,
        98.75249481201172,
        99.7509536743164,
        100.7494125366211,
        101.74786376953125,
        102.74632263183594,
        103.74478149414063,
        104.74324035644531,
        105.74169921875,
        106.74015808105469,
        107.73861694335938,
        108.73707580566406,
        109.73553466796875,
        110.73399353027344,
        111.7324447631836,
        112.73090362548828,
        113.72936248779297,
        114.72782135009766,
        115.72628021240235,
        116.72473907470703,
        117.72319793701172,
        118.7216567993164,
        119.7201156616211,
        120.71856689453125,
        121.71702575683594,
        122.71548461914063,
        123.71394348144531,
        124.71240234375,
        125.71086120605469
    ],
    "AudioName": "lv2_music",
    "BeatUnits": [
        {
            "BeatId": 3,
            "SceneObjects": [
                "Canvas"
            ],
            "AnimList": [
                "Level2Turn"
            ],
            "IsHit": false
        },
        {
            "BeatId": 4,
            "SceneObjects": [
                "Canvas",
                "Canvas",
                "Canvas"
            ],
            "AnimList": [
                "Level2Success",
                "Level2Fall",
                "Level2Turn"
            ],
            "IsHit": true
        },
        {
            "BeatId": 10,
            "SceneObjects": [
                "Canvas",
                "Canvas"
            ],
            "AnimList": [
                "Level2Success",
                "Level2Fall"
            ],
            "IsHit": true
        },
        {
            "BeatId": 9,
            "SceneObjects": [
                "Canvas"
            ],
            "AnimList": [
                "Level2Turn"
            ],
            "IsHit": false
        },
        {
            "BeatId": 14,
            "SceneObjects": [
                "Canvas"
            ],
            "AnimList": [
                "Level2Turn"
            ],
            "IsHit": false
        },
        {
            "BeatId": 15,
            "SceneObjects": [
                "Canvas",
                "Canvas"
            ],
            "AnimList": [
                "Level2Success",
                "Level2Fall"
            ],
            "IsHit": true
        }
    ]
}