{
    "Bpm": 59.401939392089847,
    "SecondsPerBeat": 1.0100680589675904,
    "OffsetSeconds": 0.6363428831100464,
    "LengthSeconds": 55.17061233520508,
    "BeatTimes": [
        0.6363428831100464,
        1.6464109420776368,
        2.6564788818359377,
        3.6665468215942385,
        4.676614761352539,
        5.686683177947998,
        6.696751117706299,
        7.7068190574646,
        8.716887474060059,
        9.72695541381836,
        10.73702335357666,
        11.747091293334961,
        12.757159233093262,
        13.767227172851563,
        14.777295112609864,
        15.787363052368164,
        16.79743194580078,
        17.807498931884767,
        18.817567825317384,
        19.827634811401368,
        20.837703704833986,
        21.84777069091797,
        22.857839584350587,
        23.86790657043457,
        24.877975463867189,
        25.888044357299806,
        26.89811134338379,
        27.908180236816408,
        28.91824722290039,
        29.928316116333009,
        30.938383102416993,
        31.94845199584961,
        32.958518981933597,
        33.96858596801758,
        34.97865676879883,
        35.98872375488281,
        36.9987907409668,
        38.00886154174805,
        39.01892852783203,
        40.028995513916019,
        41.0390625,
        42.04913330078125,
        43.059200286865237,
        44.06926727294922,
        45.0793342590332,
        46.08940505981445,
        47.09947204589844,
        48.10953903198242,
        49.11960983276367,
        50.129676818847659,
        51.13974380493164,
        52.149810791015628,
        53.159881591796878,
        54.16994857788086
    ],
    "AudioName": "lv5_music",
    "BeatUnits": [
        {
            "BeatId": 2,
            "SceneObjects": [
                "Bird1"
            ],
            "AnimList": [
                "Level4BirdSing"
            ],
            "IsHit": false,
            "SoundName": "lv4_sound_do",
            "IsTutor": false,
            "TutorEndId": 0
        },
        {
            "BeatId": 4,
            "SceneObjects": [],
            "AnimList": [],
            "IsHit": false,
            "SoundName": "",
            "IsTutor": false,
            "TutorEndId": 0
        },
        {
            "BeatId": 5,
            "SceneObjects": [
                "Bird3"
            ],
            "AnimList": [
                "Level4BirdSing"
            ],
            "IsHit": false,
            "SoundName": "lv4_sound_mi",
            "IsTutor": false,
            "TutorEndId": 0
        },
        {
            "BeatId": 8,
            "SceneObjects": [
                "Bird1",
                "Bird1",
                "Bird3",
                "Bird3",
                "BirdU",
                "BirdU"
            ],
            "AnimList": [
                "Level4BirdSing",
                "Level4BirdFail",
                "Level4BirdSing",
                "Level4BirdFail",
                "Level4BirdSing",
                "Level4BirdNormal"
            ],
            "IsHit": true,
            "SoundName": "lv4_sound_so",
            "IsTutor": false,
            "TutorEndId": 0
        }
    ],
    "ForceEndBeatId": 11,
    "UseInputExtTime": true
}